"DateTime","abundancemarble/material-design-icons","argob/accesibilidad-web","abundancemarble/cellxgene","abundancemarble/hugo"
"2026-03-01",0,0,0,0
"2026-03-02",0,0,0,0
"2026-03-03",0,0,0,0
"2026-03-04",0,0,0,0
"2026-03-05",0,0,0,0
"2026-03-06",0,0,0,0
"2026-03-07",0,0,0,0
"2026-03-08",0,0,0,0
"2026-03-09",0,0,0,0
"2026-03-10",0,0,0,0
"2026-03-11",0,0,0,0
"2026-03-12",0.34,0,0,0
"2026-03-13",0.34,0,0,0
"2026-03-14",0.34,0,0,0
"2026-03-15",0.34,0.1,0,0
"2026-03-16",0.34,0.1,0,0
"2026-03-17",0.34,0.11,0.02,0
"2026-03-18",0.34,0.12,0.02,0
"2026-03-19",0.34,0.12,0.03,0.01
"2026-03-20",0.34,0.13,0.03,0.01
"2026-03-21",0.34,0.14,0.03,0.01
"2026-03-22",0.34,0.14,0.03,0.01
"2026-03-23",0.34,0.15,0.03,0.01
"2026-03-24",0.34,0.16,0.03,0.01
"2026-03-25",0.67,0.16,0.03,0.01