"Date","Facebook","Instagram","Twitter","Pinterest","YouTube","reddit","LinkedIn","Tumblr","Fark","VKontakte","news.ycombinator.com","Other"
2025-03,69.59,9.24,6.98,7.35,4.62,1.32,0.53,0.23,0.05,0.07,0.01,0
2025-04,69.55,8.03,8.82,6.74,4.94,1.03,0.5,0.21,0.05,0.1,0.04,0
2025-05,71.58,8.88,7.52,6.34,3.67,1.04,0.55,0.27,0.06,0.09,0.01,0.01
2025-06,71.13,9.84,7.65,4.6,4.42,1.33,0.61,0.27,0.04,0.1,0.01,0
2025-07,73.77,10.48,7.11,2.89,3.45,1.14,0.69,0.31,0.09,0.07,0.01,0
2025-08,75.6,8.6,6.82,3.51,3.73,0.64,0.62,0.25,0.09,0.05,0,0.08
2025-09,70.37,8.1,8.44,5.65,5.86,0.5,0.65,0.26,0.11,0.03,0,0.01
2025-10,68.61,7.18,7.8,6.93,7.7,0.82,0.49,0.21,0.14,0.04,0.03,0.06
2025-11,68.76,7.08,8.8,7.07,6.94,0.49,0.46,0.19,0.09,0.03,0.08,0
2025-12,72.8,6.19,7.14,5.98,6.57,0.53,0.42,0.19,0.1,0.04,0.03,0.01
2026-01,75.46,6.07,5.73,3.72,7.81,0.37,0.46,0.2,0.11,0.02,0.02,0
2026-02,80.31,4.91,5.65,3.01,5.15,0.24,0.4,0.16,0.1,0.02,0.05,0
2026-03,76.73,5.87,5.94,3.58,6.09,1.02,0.38,0.18,0.1,0.03,0.07,0
